<?xml version="1.0" encoding="UTF-8" standalone="yes"?>
<addon id="plugin.video.kalashebuild" name="New Builds" version="0.0.1" provider-name="kalasherepo">
  <requires>
    <import addon="xbmc.python" version="2.1.0"/>
  </requires>
  <extension point="xbmc.python.pluginsource" library="default.py">
        <provides>video executable</provides>
  </extension>
  <extension point="xbmc.addon.metadata">
		<summary lang="en">Kalashe Builds</summary>
		<description lang="en">In this addon you can find my personal kodi builds</description>
		<disclaimer lang="en">Visit https://github.com/RuiNascimento/kalasherepo for more information.</disclaimer>
		<forum>https://github.com/RuiNascimento/kalasherepo</forum>
		<source>https://github.com/RuiNascimento/kalasherepo</source>
		<website>https://github.com/RuiNascimento/kalasherepo</website>
		<platform>all</platform>
	</extension>
</addon>
