<?xml version="1.0" encoding="UTF-8"?>
    <addon id="repository.krepo" name="KRepo" version="0.1.0" provider-name="kalashenicof">
        <requires>
            <import addon="xbmc.addon" version="12.0.0"/>
        </requires>
        <extension point="xbmc.addon.repository" name="KRepo">
            <info compressed="false">https://github.com/RuiNascimento/krepo/raw/master/_repo/addons.xml</info>
            <checksum>https://github.com/RuiNascimento/krepo/raw/master/_repo/addons.xml.md5</checksum>
            <datadir zip="true">https://github.com/RuiNascimento/krepo/raw/master/_repo/</datadir>
            <hashes>false</hashes>
        </extension>
        <extension point="xbmc.addon.metadata">
            <summary>Repository for my collection of addons and my builds</summary>
            <description>Repository of my favorite addons and my custom kodi builds</description>
            <platform>all</platform>
    </extension>
</addon>