<?xml version="1.0" encoding="UTF-8" standalone="yes"?>
<addon id="plugin.video.kbuildwin" name="KBuilds Windows" version="0.0.2" provider-name="krepo">
  <requires>
    <import addon="xbmc.python" version="2.1.0"/>
	<import addons="script.kbuilds.installer" />
  </requires>
  <extension point="xbmc.python.pluginsource" library="default.py">
        <provides>video executable</provides>
  </extension>
  <extension point="xbmc.addon.metadata">
		<summary lang="en">KBuilds Windows</summary>
		<description lang="en">In this addon you can find my personal kodi builds for Windows</description>
		<disclaimer lang="en">Visit https://github.com/RuiNascimento/krepo for more information.</disclaimer>
		<forum>https://github.com/RuiNascimento/krepo</forum>
		<source>https://github.com/RuiNascimento/krepo</source>
		<website>https://github.com/RuiNascimento/krepo</website>
		<platform>all</platform>
	</extension>
</addon>
